Aravind,Vaishnav,10/01/2019,1,8,Parent,parent@gmail.com
Abhishek,Trivedi,01/01/2019,2,24,OP Trivedi,zawarapoorva24@gmail.com
Johnny,Depp,07/01/2020,3,56,Sha depp,zawarapoorva24@gmail.com
astha,sethi,22/11/2019,4,24,nihit sethi,zawarapoorva24@gmail.com
Pulkit,Rajoria,22/11/2019,5,8,Manik Rajoria,zawarapoorva24@gmail.com
Shubham,Gupta,22/11/2019,6,35,Arvind Gupta,zawarapoorva24@gmail.com
qwer,asd,22/11/2019,7,8,asdf,zawarapoorva24@gmail.com
Rashi,Bhargava,22/11/2019,8,9,Kapil bhargava,zawarapoorva24@gmail.com
vikram,v,23/11/2019,9,8,dfgh ,zawarapoorva24@gmail.com
Arshia,Seth,23/11/2019,10,24,Manik Seth,zawarapoorva24@gmail.com
astha,dfg,23/11/2019,11,78,astha,zawarapoorva24@gmail.com
Rohit,Chouhan,09/08/2022,12,60,Prakash,zawarapoorva24@gmail.com
Ramya,Kanguri,09/08/2022,13,250,PaPa Kanguri,zawarapoorva24@gmail.com
Su,baby lawdi,09/08/2022,14,10,Su papa,zawarapoorva24@gmail.com
Su,baby,09/08/2022,15,10,Su papa,zawarapoorva24@gmail.com
Su,baby,09/08/2022,16,10,Su papa,zawarapoorva24@gmail.com
Su,baby,09/08/2022,17,10,Su papa,zawarapoorva24@gmail.com
Su,baby,09/08/2022,18,10,Su papa,zawarapoorva24@gmail.com
Su,baby,09/08/2022,19,10,Su papa,zawarapoorva24@gmail.com
Su,baby,09/08/2022,20,10,Su papa,zawarapoorva24@gmail.com
Nikita,Sahuji,11/08/2022,21,300,Sangeeta,zawarapoorva24@gmail.com
Test,TEst,11/08/2022,22,20,Stuedn tOata,Stuedn Mumom
Apurva,Zawar,11/08/2022,23,20,Ramesh Zawar,ramesh@gmail.com
asdf,asdf,11/12/2022,24,68,asdf,asdf
